{"cameraMode":{"drawMode":0,"name":"Shaded","section":"Shading Mode"},"sceneLighting":true,"audioPlay":false,"sceneViewState":{"m_AlwaysRefresh":false,"showFog":true,"showSkybox":true,"showFlares":true,"showImageEffects":true,"showParticleSystems":true,"showVisualEffectGraphs":true,"m_FxEnabled":true},"in2DMode":false,"pivot":{"x":675.432861328125,"y":1522.5323486328125,"z":-85.453857421875},"rotation":{"x":0.025806110352277757,"y":0.006307742092758417,"z":-0.00016506650717929006,"w":0.9996353983879089},"size":960.0850830078125,"orthographic":true}